Locality,Winsome-Sears,Spanberger,Others,Total votes
Accomack,"7,129","5,925",10,"13,064"
Albemarle,"16,480","39,322",93,"55,895"
Alexandria,"10,424","52,230",190,"62,844"
Alleghany,"4,011","1,779",11,"5,801"
Amelia,"4,521","1,831",8,"6,360"
Amherst,"8,811","4,294",20,"13,125"
Appomattox,"5,609","1,765",12,"7,386"
Arlington,"15,929","83,657",235,"99,821"
Augusta,"24,612","9,522",60,"34,194"
Bath,"1,421",493,5,"1,919"
Bedford,"29,166","10,048",57,"39,271"
Bland,"1,974",441,3,"2,418"
Botetourt,"11,820","4,969",32,"16,821"
Bristol,"3,090","1,660",7,"4,757"
Brunswick,"2,591","3,338",5,"5,934"
Buchanan,"4,434",971,8,"5,413"
Buckingham,"3,586","2,456",13,"6,055"
Buena Vista,"1,392",696,9,"2,097"
Campbell,"16,878","6,130",34,"23,042"
Caroline,"6,680","6,733",23,"13,436"
Carroll,"8,889","2,433",26,"11,348"
Charles City,"1,485","2,002",5,"3,492"
Charlotte,"3,159","1,545",6,"4,710"
Charlottesville,"2,056","16,799",35,"18,890"
Chesapeake,"42,147","53,971",164,"96,282"
Chesterfield,"70,021","100,595",294,"170,910"
Clarke,"4,222","3,389",18,"7,629"
Colonial Heights,"4,092","2,474",21,"6,587"
Covington,999,678,0,"1,677"
Craig,"1,806",467,6,"2,279"
Culpeper,"12,592","9,214",33,"21,839"
Cumberland,"2,609","1,803",8,"4,420"
Danville,"4,592","7,678",29,"12,299"
Dickenson,"3,427","1,028",7,"4,462"
Dinwiddie,"7,028","5,031",19,"12,078"
Emporia,544,"1,119",3,"1,666"
Essex,"2,572","2,289",8,"4,869"
Fairfax City,"2,847","7,552",36,"10,435"
Fairfax County,"116,053","329,977",1222,"447,252"
Falls Church,"1,181","6,407",12,"7,600"
Fauquier,"19,894","14,610",62,"34,566"
Floyd,"4,806","2,603",16,"7,425"
Fluvanna,"6,718","6,712",19,"13,449"
Franklin City,"1,084","1,849",2,"2,935"
Franklin County,"16,317","6,836",36,"23,189"
Frederick,"23,130","15,809",51,"38,990"
Fredericksburg,"2,943","7,561",33,"10,537"
Galax,"1,284",597,1,"1,882"
Giles,"4,983","1,782",16,"6,781"
Gloucester,"11,399","5,912",30,"17,341"
Goochland,"9,726","7,339",24,"17,089"
Grayson,"4,614","1,264",11,"5,889"
Greene,"5,458","4,036",16,"9,510"
Greensville,"1,427","1,902",8,"3,337"
Halifax,"8,027","5,272",22,"13,321"
Hampton,"12,103","35,129",91,"47,323"
Hanover,"36,278","23,994",95,"60,367"
Harrisonburg,"3,654","9,512",23,"13,189"
Henrico,"45,627","103,559",260,"149,446"
Henry,"11,150","6,320",30,"17,500"
Highland,831,362,1,"1,194"
Hopewell,"2,610","4,052",13,"6,675"
Isle of Wight,"10,931","8,227",37,"19,195"
James City,"19,029","23,603",63,"42,695"
King and Queen,"1,985","1,292",4,"3,281"
King George,"6,909","4,716",20,"11,645"
King William,"6,033","3,020",11,"9,064"
Lancaster,"3,283","2,734",13,"6,030"
Lee,"5,439","1,019",7,"6,465"
Lexington,686,"1,475",6,"2,167"
Loudoun,"59,278","108,594",444,"168,316"
Louisa,"11,279","7,628",44,"18,951"
Lunenburg,"2,682","1,806",11,"4,499"
Lynchburg,"13,508","13,231",56,"26,795"
Madison,"4,259","2,386",9,"6,654"
Manassas,"4,036","7,671",18,"11,725"
Manassas Park,"1,151","2,852",5,"4,008"
Martinsville,"1,451","2,534",7,"3,992"
Mathews,"3,242","1,555",5,"4,802"
Mecklenburg,"7,151","4,657",11,"11,819"
Middlesex,"3,473","2,174",6,"5,653"
Montgomery,"15,228","21,428",76,"36,732"
Nelson,"3,828","3,880",17,"7,725"
New Kent,"8,804","5,087",22,"13,913"
Newport News,"17,461","38,936",92,"56,489"
Norfolk,"15,509","48,599",111,"64,219"
Northampton,"2,469","3,060",8,"5,537"
Northumberland,"4,132","2,685",16,"6,833"
Norton,721,332,2,"1,055"
Nottoway,"3,122","2,258",11,"5,391"
Orange,"9,938","7,361",33,"17,332"
Page,"6,940","2,365",24,"9,329"
Patrick,"5,119","1,488",5,"6,612"
Petersburg,"1,124","8,811",25,"9,960"
Pittsylvania,"17,439","7,272",38,"24,749"
Poquoson,"4,384","1,862",16,"6,262"
Portsmouth,"8,351","23,040",62,"31,453"
Powhatan,"11,862","5,168",21,"17,051"
Prince Edward,"3,668","3,767",20,"7,455"
Prince George,"7,986","5,707",13,"13,706"
Prince William,"54,309","111,198",381,"165,888"
Pulaski,"8,607","3,927",22,"12,556"
Radford,"2,050","2,632",11,"4,693"
Rappahannock,"2,231","1,812",6,"4,049"
Richmond City,"11,883","79,019",212,"91,114"
Richmond County,"1,997","1,124",5,"3,126"
Roanoke City,"10,153","20,700",83,"30,936"
Roanoke County,"24,728","18,062",97,"42,887"
Rockbridge,"6,599","3,557",7,"10,163"
Rockingham,"24,498","11,622",76,"36,196"
Russell,"7,268","1,673",17,"8,958"
Salem,"5,282","4,150",32,"9,464"
Scott,"6,103","1,235",15,"7,353"
Shenandoah,"12,488","5,698",37,"18,223"
Smyth,"7,712","2,298",18,"10,028"
Southampton,"4,492","2,945",8,"7,445"
Spotsylvania,"29,015","30,748",104,"59,867"
Stafford,"27,774","35,327",115,"63,216"
Staunton,"4,236","6,580",18,"10,834"
Suffolk,"15,935","25,696",80,"41,711"
Surry,"1,707","1,873",4,"3,584"
Sussex,"1,802","2,035",4,"3,841"
Tazewell,"10,407","2,248",21,"12,676"
Virginia Beach,"75,013","94,339",269,"169,621"
Warren,"10,433","5,757",39,"16,229"
Washington,"15,614","5,382",43,"21,039"
Waynesboro,"4,037","4,459",11,"8,507"
Westmoreland,"4,396","3,733",8,"8,137"
Williamsburg,"1,647","5,063",9,"6,719"
Winchester,"3,485","5,318",16,"8,819"
Wise,"8,744","2,281",22,"11,047"
Wythe,"8,426","2,594",24,"11,044"
York,"15,684","15,769",47,"31,500"